food_id,name,description,origin,image_url,local_name
1,Extra Virgin Olive Oil,Cold-pressed olive oil from Cretan groves; among the highest polyphenol content of any EVOO globally.,Crete Greece,,Κρητικό Ελαιόλαδο (Kritiko Elaiolado)
2,Stamnagathi (Wild Chicory),Bitter wild green foraged across Cretan hillsides; eaten boiled or in salads; rich in polyphenols and prebiotics.,Crete Greece,,Σταμναγκάθι (Stamnagathi)
3,Thyme Honey,Raw honey produced by bees foraging on wild thyme in the Cretan highlands; prized for antimicrobial and antioxidant properties.,Crete Greece,,Θυμαρίσιο Μέλι (Thymarisio Meli)
4,Cretan Mountain Tea (Sideritis / Malotira),Dried flowering tops of Sideritis syriaca brewed as herbal tea; known locally as malotira in Crete; consumed daily across rural Crete for centuries.,Crete Greece,,Μαλοτήρα (Malotira)
5,Graviera (Cretan Hard Cheese),PDO-protected hard aged cheese made from free-range Cretan sheep and goat milk; aged 5+ months on wooden shelves; one of the most studied cheeses for native Lactobacillus plantarum strains with documented gut adhesion and ACE-inhibitory metabolite production; the iconic table cheese of Crete.,Crete Greece,,Γραβιέρα (Graviera)
6,Purslane (Glistrida),Succulent wild green harvested from Cretan fields and roadsides; one of the richest plant sources of omega-3 fatty acids.,Crete Greece,,Γλιστρίδα (Glistrida)
7,Dittany of Crete (Origanum dictamnus),Aromatic perennial herb endemic only to the cliffs and gorges of Crete; brewed as a delicate herbal infusion; used in Cretan folk medicine for over 2000 years; prized for digestive comfort and antimicrobial properties.,Crete Greece,,Δίκταμο (Diktamo)
8,Carob (Ceratonia siliqua),"Pods of the carob tree cultivated in Crete for millennia; Crete produces approximately 75% of the global carob supply; eaten fresh or dried and made into a rich dark syrup; high in fibre, polyphenols, and D-pinitol.",Crete Greece,,Χαρούπι (Haroupi)
9,Pomegranate (Punica granatum),Deep-red seeded fruit cultivated in Crete for millennia; one of the most antioxidant-rich fruits studied in human clinical trials; peel and juice contain punicalagins with antioxidant capacity exceeding red wine and green tea; prized in Cretan culture as a symbol of fertility and health.,Crete Greece,,Ρόδι (Rodi)
10,Artichoke (Cynara scolymus),Edible thistle-like flower bud cultivated in Cretan fields since antiquity; rich in cynarin and chlorogenic acid which stimulate bile production and support liver health; a staple of traditional Cretan spring cooking and one of the oldest cultivated vegetables in the Mediterranean.,Crete Greece,,Αγκινάρα (Agkinara)
11,Olive Leaf Extract (Olea europaea leaf),Dried leaves of the Cretan olive tree brewed as herbal tea or concentrated as extract; exceptionally rich in oleuropein — the bitter phenolic found at 10-20x higher concentrations in leaves than in olive oil; used in Cretan folk medicine as a natural antihypertensive remedy for centuries.,Crete Greece,,Ελαιόφυλλο (Elaiofiilo)
12,Barley & Paximadi (Hordeum vulgare),Ancient Cretan grain baked into the iconic double-dried paximadi rusk — the traditional base of dakos; cultivated in Crete since the Minoan civilisation; exceptionally high in beta-glucan soluble fibre which earned an FDA health claim for cardiovascular disease risk reduction.,Crete Greece,,Παξιμάδι (Paximadi)
15,Table Olives (Olea europaea),"Traditional preserved olives from Cretan groves cured by natural brine, dry salt, or alkaline treatment; Crete produces some of the world's most prized table olives including the protected Kolymvari variety; contain free hydroxytyrosol at concentrations 8-fold higher than EVOO per gram of flesh; consumed throughout Crete as a staple meze since Minoan civilisation — the same polyphenols that make Cretan olive oil the most studied food in cardiology are even more concentrated here.",Crete Greece,,Κρητικές Ελιές Τραπέζης (Kritikes Elies Trapezis)
16,Sheep & Goat Probiotic Yoghurt,"Traditionally strained yoghurt made from Cretan sheep and goat milk; richer in protein, calcium, and conjugated linoleic acid (CLA) than standard cow's milk yoghurt; produced with live L. acidophilus and L. bulgaricus cultures that survive gastrointestinal transit; Cretan shepherds consumed fresh yoghurt daily as a dietary staple for centuries; the high fat content from pasture-raised animals and the probiotic cultures distinguish it from commercial yoghurt.",Crete Greece,,Κρητικό Γιαούρτι (Kritiko Giaourti)
17,Savory (Satureja thymbra),"Aromatic perennial herb growing wild on Cretan hillsides and rocky coastal terrain; used in traditional Cretan cooking to season legumes, meat, and pickled olives; a close relative of Iranian savory (Satureja khuzestanica), the most clinically studied species in the genus; contains carvacrol and thymol as dominant phenolic compounds — the same bioactives found in dittany and oregano; known locally as throumbi and used for centuries in Cretan folk medicine.",Crete Greece,,Θρούμπι (Throumbi)
20,Oregano (Origanum vulgare),"Intensely aromatic wild herb growing abundantly across Cretan hillsides; considered among the finest dried oregano in the world due to exceptionally high essential oil concentrations; used universally in Cretan cooking on salads, grilled meats, and fish; belongs to the same Origanum genus as Dittany of Crete and shares its dominant bioactive compounds carvacrol and rosmarinic acid; Cretan rigani contains among the highest documented rosmarinic acid levels of any dried herb.",Crete Greece,,Ρίγανη (Rigani)
22,Fennel (Foeniculum vulgare),"Tall aromatic perennial growing wild across Cretan roadsides, hillsides, and coastal areas; all parts used in Cretan cooking — bulb in salads and braised dishes, fronds in hortopita (herb pies), seeds as digestive herb tea; the primary bioactive trans-anethole relaxes gastrointestinal smooth muscle and accounts for the traditional use as a post-meal digestive herb; Crete has one of the richest wild fennel populations in the Mediterranean.",Crete Greece,,Μάραθος (Marathos)
23,Mastic (Pistacia lentiscus),"Aromatic resin tapped from the mastic shrub (Pistacia lentiscus var. chia) — cultivated for over 2500 years in the Eastern Mediterranean including Crete; chewed traditionally as a digestive aid and breath freshener, used in pastries, liqueurs, and the Cretan herbal infusion mastichi; contains triterpenic acids (masticadienonic acid, isomasticadienonic acid) and the volatile alpha-pinene that drive its demonstrated gastrointestinal and antimicrobial effects.",Crete Greece,,Μαστίχα (Mastiha)
24,Capers (Capparis spinosa),"Wild caper buds and fruit foraged from Cretan coastal cliffs and rocky terrain where the Capparis spinosa shrub thrives in extreme heat and salt spray; salt-cured or vinegar-brined and used in salads, fish dishes, and meze; exceptionally rich in quercetin and rutin — among the highest plant concentrations documented — and traditionally used in Mediterranean folk medicine for diabetes and metabolic complaints; modern RCTs in T2DM patients confirm the traditional use.",Crete Greece,,Κάπαρη (Kapari)
25,Walnuts (Juglans regia),"Walnut trees cultivated across the cooler highland villages of Crete since antiquity; the kernel is exceptionally rich in alpha-linolenic acid (plant omega-3), gamma-tocopherol, ellagic acid, and dietary melatonin; consumed whole, ground into stuffings, and as the base of traditional preserves like karydaki (walnut sweet); one of the most extensively studied nuts in cardiovascular nutrition — featured as one of the two intervention arms of the landmark PREDIMED trial showing reduced cardiovascular events.",Crete Greece,,Καρύδι (Karydi)
26,Almonds (Prunus dulcis),"Almond trees cultivated extensively in Cretan groves alongside olive trees; the kernel is the richest plant source of alpha-tocopherol (vitamin E) among commonly consumed nuts, dominated by oleic acid (the same MUFA as EVOO); used in soumada (the traditional Cretan almond drink), in pastries like amygdalota, and as a meze; extensively studied — multiple meta-analyses of RCTs confirm consistent reductions in total cholesterol, LDL cholesterol, and body weight without adverse effects.",Crete Greece,,Αμύγδαλο (Amygdalo)
27,Sage (Salvia fruticosa),"Greek sage — Salvia fruticosa, also known as Salvia triloba — is the dominant Salvia species across the Cretan hillsides and one of the most widely consumed traditional herbal teas in Greece; brewed as faskomilo and drunk for centuries for memory and digestive support; chemotype is dominated by 1,8-cineole (eucalyptol), beta-thujone, and rosmarinic acid — distinct from Northern European Salvia officinalis; the Salvia genus has clinical trials demonstrating acute and chronic cognitive enhancement in humans, validating the Cretan tradition of drinking sage tea for mental clarity.",Crete Greece,,Φασκόμηλο (Faskomilo)
29,Sea Fennel (Kritamo),"Wild aromatic halophyte that grows on the rocky cliffsides and coves of Crete; harvested for millennia and traditionally pickled or used fresh in mezze; rich in chlorogenic acid, terpenoids, and omega-3 and omega-6 polyunsaturated fatty acids; one of the most distinctive wild greens in the Cretan foraging tradition.",Crete Greece,,Κρίταμο (Kritamo)
31,Figs (Syka),"One of the oldest cultivated fruits in Crete — both fresh and sundried — mentioned in Minoan frescoes and central to the traditional Cretan diet; the skin and flesh are rich in anthocyanins, rutin, chlorogenic acid, and dietary fibre; dried Cretan figs remain a seasonal staple eaten with cheese and walnuts.",Crete Greece,,Κρητικά Σύκα (Syka)
32,Snails (Hohlioi),"One of Crete's most iconic wild foods — gathered from thyme-scented hillsides after the first autumn rains and fried in olive oil with rosemary and salt in the legendary dish hohlioi boubouristi; the flesh of Helix aspersa is lean (~77 kcal per 100g), rich in complete protein with all essential amino acids, and has a favourable omega-3 to omega-6 fatty acid ratio with predominantly unsaturated fats.",Crete Greece,,Κρητικοί Χοχλιοί (Hohlioi)
33,Vine Leaves (Ampelofylla),"Young grape vine leaves harvested in spring from Cretan vineyards and traditionally rolled around rice, herbs, and lemon to make dolmadakia — one of the most iconic dishes of the Greek and Cretan table; rich in quercetin glycosides (rutin, isoquercitrin), resveratrol, kaempferol, and caffeic acid — the same polyphenol family concentrated in clinical red-vine-leaf extracts (AS195) used to treat chronic venous insufficiency; consumed since antiquity as both food and folk medicine across the Mediterranean.",Crete Greece,,Αμπελόφυλλα (Ampelofylla)
34,Greek Thyme (Thymari),"Wild aromatic herb growing across Cretan hillsides, dominated by the Mediterranean species Coridothymus capitatus (also called Greek or Cretan thyme); contains one of the highest concentrations of carvacrol and thymol of any thyme worldwide; foundational to Cretan cooking on grilled meats, fish, and legumes; the source of the wild thyme pollen that produces #3 Thyme Honey; used in traditional cough remedies and herbal infusions throughout Greece.",Crete Greece,,Θυμάρι (Thymari)
35,Cretan Sea Salt (Alati),"Sea salt harvested by natural evaporation from coastal salt pans of Crete; used as a seasoning since antiquity and still produced traditionally by small Cretan saltworks. Unrefined sea salt retains small amounts of magnesium, calcium, and potassium absent from refined table salt. However, sodium chloride remains the dominant constituent, and analyses of Greek unrefined salts have found measurable lead and other trace contaminants from marine pollution — use sparingly and treat as a flavour enhancer, not a health food.",Crete Greece,,Κρητικό Αλάτι (Alati)
36,Anthotyros (Fresh Whey Cheese),"Fresh sheep- and goat-milk whey cheese of Crete; soft, slightly sweet, made from the whey left over after Graviera production; eaten with thyme honey, fruit, or used in savoury fillings and the classic Cretan cheese pie (myzithropita); rich in whey-derived bioactive peptides, all essential amino acids, calcium, and the conjugated linoleic acid (CLA) that pasture-fed sheep and goat dairy concentrates above commercial dairy.",Crete Greece,,Ανθότυρο (Anthotyros)
37,Mizithra (Cretan Whey Cheese),"Traditional Cretan whey cheese — eaten fresh in the spring as soft mizithra, or sun-dried and salt-cured into the hard aged xerotyri (xinomyzithra), which is grated over pasta and rusks; made from the whey of sheep and goat milk after Graviera and other hard cheeses are produced, ensuring nothing is wasted; carries the bioactive whey peptides, calcium, and CLA shared with other traditional sheep and goat dairy.",Crete Greece,,Μυζήθρα (Mizithra)

38,Feta (Greek White Cheese),"Greece's iconic PDO-protected white brine cheese — made from at least 70% sheep's milk, with the remainder from goat's milk, and aged in whey brine for a minimum of two months. Feta's characteristic tangy flavour comes from a rich community of lactic acid bacteria (LAB), the same beneficial microbes studied for probiotic effects on gut health. It is a meaningful source of calcium, protein, and conjugated linoleic acid (CLA) from sheep milk. Note: naturally high in sodium due to brine maturation.",Greece,,Φέτα (Feta)
39,Sardines & Anchovies,"Two of the Aegean's most prized small fish — sardines (Sardina pilchardus) and anchovies (Engraulis encrasicolus) — are among the richest dietary sources of long-chain omega-3 fatty acids, EPA and DHA. Grilled, salted, or marinated, they have been a staple of the Cretan coast for centuries. Unlike large predatory fish, they accumulate almost no mercury while delivering exceptional cardiovascular and anti-inflammatory nutrition, plus Coenzyme Q10 and bioavailable selenium.",Crete Greece,,Γαύρος & Σαρδέλες (Gavros & Sardeles)
40,Octopus,"The sun-dried octopus hanging outside a Cretan seaside taverna is one of the most iconic images of Aegean cuisine. Octopus (Octopus vulgaris) is exceptionally high in taurine — a sulphur amino acid linked to cardiovascular protection and antioxidant defence — while being naturally very low in fat and rich in selenium, zinc, and lean protein (~15g/100g cooked). Traditional sun-drying before grilling concentrates its nutrient content further.",Crete Greece,,Χταπόδι (Htapodi)
41,Sea Bream & Sea Bass,"Gilthead sea bream (Sparus aurata / Tsipoura) and European sea bass (Dicentrarchus labrax / Lavraki) are the two fish most associated with Cretan fish tavernas and the island's thriving coastal aquaculture. Both provide high-quality complete protein containing all essential amino acids, long-chain omega-3 fatty acids (EPA and DHA), selenium, and phosphorus — meeting EU criteria for multiple authorised nutrition and health claims covering cardiovascular, cognitive, and visual health.",Crete Greece,,Τσιπούρα & Λαβράκι (Tsipoura & Lavraki)
42,Greek Saffron (Krokos Kozanis),"The world's most prized spice — and one of Greece's most celebrated PDO products. Krokos Kozanis (Crocus sativus) is grown exclusively in the Kozani plateau of Northern Greece and used throughout Greek and Cretan cooking in rice dishes, sweets, and teas. Its active compounds safranal, crocin, and crocetin have been studied in over 46 randomised controlled trials and shown to improve mood, reduce anxiety, and support cognitive function at doses equivalent to a culinary pinch per day.",Greece,,Κρόκος Κοζάνης (Krokos Kozanis)
43,Pine Honey (Pefkómeli),"Dark, resinous, and intensely aromatic, pine honey (Πευκόμελι) is produced from the secretions of the scale insect Marchalina hellenica feeding on pine trees — a process unique to the Eastern Mediterranean. Greece produces over 60% of the world's pine honey, and Cretan pine forests contribute significantly to this harvest. Unlike floral honeys, pine honey is a honeydew honey with an exceptionally high mineral content, higher antioxidant capacity than most European honeys, and antibacterial activity comparable to Manuka honey in laboratory studies.",Crete Greece,,Πευκόμελι (Pefkómeli)
44,Black-eyed Peas (Mavrommatika),"A staple of the Cretan table since antiquity, black-eyed peas (Vigna unguiculata) are traditionally paired with wild greens, octopus, and olive oil. They provide exceptional plant-based protein and soluble fibre, and clinical studies show they produce a significantly lower blood glucose response than white bread or glucose — making them a cornerstone of metabolic health in the traditional Cretan diet. Their deep flavour and creamy texture make them one of the most satisfying legumes in Mediterranean cooking.",Crete Greece,,Μαυρομάτικα (Mavrommatika)
45,Trahanas,"One of the oldest preserved foods in the Greek world — Trahanas (Τραχανάς) is made by fermenting cracked wheat or bulgur with sour sheep's or goat's milk, sun-drying the mixture, and crumbling it into a coarse powder that keeps for months without refrigeration. Two types are made in Crete: sweet trahanas (with fresh milk) and sour trahanas (with naturally fermented milk), the latter of which carries live lactic acid bacteria similar to those documented in Greek dairy fermentations. Cooked as a thick winter soup with olive oil and feta, it is one of the most comforting and nourishing foods in the Cretan kitchen.",Crete Greece,,Τραχανάς (Trahanas)
46,Chickpeas (Revithia),"One of the most ancient legumes cultivated in the Mediterranean, chickpeas (Ρεβίθια) are a cornerstone of Cretan peasant cooking — revithada, the slow-baked chickpea soup, is a Sunday tradition across the islands. Rich in resistant starch, soluble fibre, and plant protein, chickpeas have a naturally low glycaemic index and a particularly powerful effect on postprandial blood glucose. In Crete they are baked in clay pots overnight, cooked with lemon and rosemary, or ground into fritters (revithokeftedes) — always with olive oil.",Crete Greece,,Ρεβίθια (Revithia)
47,Cretan Muscat Grapes (Stafyli),"Crete is one of Greece's great wine islands, with vineyards producing some of the Mediterranean's oldest grape varieties, including the aromatic Muscat of Spina. Whether eaten fresh, dried into raisins, pressed into wine, or cooked into petimezi (grape molasses), Cretan grapes are rich in resveratrol and oligomeric proanthocyanidins — the polyphenols responsible for the well-documented cardiovascular benefits of Mediterranean red wine and grape consumption. The thin-skinned Muscat varieties, harvested in late summer, carry the highest polyphenol concentration.",Crete Greece,,Σταφύλι Μοσχάτο (Stafyli)
48,Prickly Pear (Frangosykia),"The prickly pear cactus (Φραγκόσυκο, Frangosykia) grows wild across Crete, its vivid orange-red fruits clustered on paddle-shaped cladodes along stone walls and roadsides. Brought to the Mediterranean from the Americas in the 16th century, it is now so naturalised that Cretans harvest and eat the fruit freely in late summer. The flesh is exceptionally rich in betalain pigments (betacyanins and betaxanthins) and vitamin C. Recent clinical research has demonstrated strong antioxidant and oxidative stress-reduction effects in humans, with significant reductions in markers of cellular DNA and protein damage.",Crete Greece,,Φραγκόσυκο (Frangosykia)
49,Spearmint (Dyosmos),"Spearmint (Δυόσμος, dyosmos — literally 'fragrant mint') is woven throughout Cretan cooking: stuffed into pies, scattered over legumes, brewed as herbal tea, and added fresh to salads. Distinct from peppermint, spearmint is gentler and sweeter — its principal bioactive polyphenol is rosmarinic acid, the same compound found in rosemary and sage. Clinical research has specifically studied spearmint extract for cognitive benefits, finding significant improvements in working memory and sustained attention in multiple double-blind randomised controlled trials in both older and younger adults.",Crete Greece,,Δυόσμος (Dyosmos)
50,Pistachio (Fistiki),"Pistachios (Φυστίκι, fistiki) have been cultivated around the Mediterranean since antiquity — the trees grow well in Crete's dry, well-drained terrain. Rich in arginine, lutein, zeaxanthin, gamma-tocopherol, and phytosterols, pistachios are nutritionally denser than most nuts. Two independent meta-analyses of randomised controlled trials have demonstrated that regular pistachio consumption reduces fasting blood sugar and improves blood pressure, making them one of the best-evidenced nuts for cardiovascular and metabolic health.",Crete Greece,,Φυστίκι (Fistiki)
51,Lentils (Fakes),"Lentil soup (Φακές, fakes) is one of the most ancient dishes in Greek cuisine and a Cretan weekday staple — simmered with garlic, tomato, and generous olive oil, served with vinegar and crusty paximadi. Lentils are among the most nutritionally complete legumes: high in folate, plant protein, polyphenols, and slow-release carbohydrates. Meta-analyses of controlled trials show that regular legume consumption reduces total cholesterol, LDL-cholesterol, fasting blood glucose, and insulin resistance.",Crete Greece,,Φακές (Fakes)
52,Sesame / Tahini (Sousami),"Sesame (Σουσάμι) has been cultivated in the Eastern Mediterranean since at least 3000 BCE, and tahini — roasted sesame paste — is one of the fundamental flavours of Cretan cooking, used in tahinosalata, sesame-coated paximadi, and pasteli (sesame-honey bars). Sesame seeds and oil are uniquely rich in lignans (sesamin, sesamolin, sesaminol) — fat-soluble antioxidants not found in other vegetable oils. Clinical trials in hypertensive patients have shown that replacing cooking oil with sesame oil significantly reduces blood pressure and improves the lipid profile.",Crete Greece,,Σουσάμι / Ταχίνι (Sousami / Tahini)
53,Tomato (Domata),"The tomato (Τομάτα, domata) arrived in Crete from the Americas but is now inseparable from Cretan cooking — dakos is built on it, greens are cooked in it, and every Cretan summer salad starts with thick-cut tomatoes and olive oil. The bright red pigment lycopene is a fat-soluble carotenoid found in high concentration in ripe tomatoes, and one of the most extensively studied dietary compounds for long-term protection against cardiovascular disease and cancer. Absorption is significantly enhanced when tomatoes are cooked or eaten with olive oil.",Crete Greece,,Τομάτα (Domata)
54,Rosemary (Dendrolivano),"Rosemary (Δεντρολίβανο, literally 'tree of frankincense') grows prolifically across the Cretan landscape — on hillsides, above beaches, and in every kitchen garden. Its woody stems flavour roasted lamb, potatoes, and bread, and scent olive oil. Rosemary is one of the richest plant sources of carnosic acid and carnosol — diterpenoid phenolic compounds that are potent antioxidants and acetylcholinesterase inhibitors, protecting the neurotransmitter acetylcholine that supports memory and attention. A randomised controlled trial has shown that even a single dose of rosemary water produces measurable cognitive improvements in healthy adults.",Crete Greece,,Δεντρολίβανο (Dendrolivano)
55,Quince (Kydoni),"The quince (Κυδώνι, kydoni — the name derives from the ancient Cretan city of Kydonia, modern Chania) is one of the oldest cultivated fruits in the Mediterranean world. Too astringent to eat raw, it is transformed by cooking into fragrant preserves (kydoni glyko), marmalades, and pastes that perfume Cretan kitchens each autumn. Quince is exceptionally rich in pectin (a soluble fibre supporting gut health and cholesterol metabolism), chlorogenic acid, and quercetin glycosides. A recent clinical observation found quince extract significantly reduced cholesterol and fasting glucose in patients with metabolic syndrome.",Crete Greece,,Κυδώνι (Kydoni)
56,Eggplant (Melitzana),"The eggplant (Μελιτζάνα, melitzana) is one of the great vegetable pillars of Cretan cooking — braised into briam (the Cretan ratatouille), stuffed and baked, smoked and pureed into melitzanosalata, and layered into moussaka. The deep purple skin is a rich source of nasunin — a unique anthocyanin that has demonstrated exceptional free radical-scavenging activity, protecting cell membranes and mitochondrial lipids from oxidative damage. Eggplant also contains chlorogenic acid, a highly bioavailable polyphenol that supports liver and metabolic health.",Crete Greece,,Μελιτζάνα (Melitzana)
57,Chamomile (Hamomili),"Chamomile (Χαμομήλι, hamomili) grows wild across Crete and has been used as a medicinal herb since antiquity — Dioscorides recommended it for fevers, spasms, and digestive ailments. The daisy-like flowers are dried and brewed as a gentle, calming tea drunk throughout the day and especially before sleep. The principal active compound is apigenin, a flavonoid that binds to benzodiazepine receptors in the brain — the same receptors targeted by anti-anxiety medications — and modulates GABA-A activity, producing mild sedative and anxiolytic effects confirmed in randomised clinical trials.",Crete Greece,,Χαμομήλι (Hamomili)